block,sub block,sub module,param name
input,Embedding,Embedding-linear,emb.weight
input,ExtLayerNorm0,ExtLayerNorm0-linear,blocks.0.ln0.weight
input,ExtLayerNorm0,ExtLayerNorm0-bias,blocks.0.ln0.bias
0,LayerNorm0,LayerNorm0-linear,blocks.0.ln1.weight
0,LayerNorm0,LayerNorm0-bias,blocks.0.ln1.bias
0,LayerNorm0,LayerNorm0-linear,blocks.0.ln2.weight
0,LayerNorm0,LayerNorm0-bias,blocks.0.ln2.bias
0,RWKV-0,RWKV-0-nonlinear,blocks.0.att.time_decay
0,RWKV-0,RWKV-0-nonlinear,blocks.0.att.time_first
0,RWKV-0,RWKV-0-nonlinear,blocks.0.att.time_mix_k
0,RWKV-0,RWKV-0-nonlinear,blocks.0.att.time_mix_v
0,RWKV-0,RWKV-0-nonlinear,blocks.0.att.time_mix_r
0,RWKV-0,RWKV-0-linear,blocks.0.att.key.weight
0,RWKV-0,RWKV-0-linear,blocks.0.att.value.weight
0,RWKV-0,RWKV-0-linear,blocks.0.att.receptance.weight
0,RWKV-0,RWKV-0-linear,blocks.0.att.output.weight
0,RFFN-0,RFFN-0-nonlinear,blocks.0.ffn.time_mix_k
0,RFFN-0,RFFN-0-nonlinear,blocks.0.ffn.time_mix_r
0,RFFN-0,RFFN-0-linear,blocks.0.ffn.key.weight
0,RFFN-0,RFFN-0-linear,blocks.0.ffn.receptance.weight
0,RFFN-0,RFFN-0-linear,blocks.0.ffn.value.weight
1,LayerNorm1,LayerNorm1-linear,blocks.1.ln1.weight
1,LayerNorm1,LayerNorm1-bias,blocks.1.ln1.bias
1,LayerNorm1,LayerNorm1-linear,blocks.1.ln2.weight
1,LayerNorm1,LayerNorm1-bias,blocks.1.ln2.bias
1,RWKV-1,RWKV-1-nonlinear,blocks.1.att.time_decay
1,RWKV-1,RWKV-1-nonlinear,blocks.1.att.time_first
1,RWKV-1,RWKV-1-nonlinear,blocks.1.att.time_mix_k
1,RWKV-1,RWKV-1-nonlinear,blocks.1.att.time_mix_v
1,RWKV-1,RWKV-1-nonlinear,blocks.1.att.time_mix_r
1,RWKV-1,RWKV-1-linear,blocks.1.att.key.weight
1,RWKV-1,RWKV-1-linear,blocks.1.att.value.weight
1,RWKV-1,RWKV-1-linear,blocks.1.att.receptance.weight
1,RWKV-1,RWKV-1-linear,blocks.1.att.output.weight
1,RFFN-1,RFFN-1-nonlinear,blocks.1.ffn.time_mix_k
1,RFFN-1,RFFN-1-nonlinear,blocks.1.ffn.time_mix_r
1,RFFN-1,RFFN-1-linear,blocks.1.ffn.key.weight
1,RFFN-1,RFFN-1-linear,blocks.1.ffn.receptance.weight
1,RFFN-1,RFFN-1-linear,blocks.1.ffn.value.weight
2,LayerNorm2,LayerNorm2-linear,blocks.2.ln1.weight
2,LayerNorm2,LayerNorm2-bias,blocks.2.ln1.bias
2,LayerNorm2,LayerNorm2-linear,blocks.2.ln2.weight
2,LayerNorm2,LayerNorm2-bias,blocks.2.ln2.bias
2,RWKV-2,RWKV-2-nonlinear,blocks.2.att.time_decay
2,RWKV-2,RWKV-2-nonlinear,blocks.2.att.time_first
2,RWKV-2,RWKV-2-nonlinear,blocks.2.att.time_mix_k
2,RWKV-2,RWKV-2-nonlinear,blocks.2.att.time_mix_v
2,RWKV-2,RWKV-2-nonlinear,blocks.2.att.time_mix_r
2,RWKV-2,RWKV-2-linear,blocks.2.att.key.weight
2,RWKV-2,RWKV-2-linear,blocks.2.att.value.weight
2,RWKV-2,RWKV-2-linear,blocks.2.att.receptance.weight
2,RWKV-2,RWKV-2-linear,blocks.2.att.output.weight
2,RFFN-2,RFFN-2-nonlinear,blocks.2.ffn.time_mix_k
2,RFFN-2,RFFN-2-nonlinear,blocks.2.ffn.time_mix_r
2,RFFN-2,RFFN-2-linear,blocks.2.ffn.key.weight
2,RFFN-2,RFFN-2-linear,blocks.2.ffn.receptance.weight
2,RFFN-2,RFFN-2-linear,blocks.2.ffn.value.weight
3,LayerNorm3,LayerNorm3-linear,blocks.3.ln1.weight
3,LayerNorm3,LayerNorm3-bias,blocks.3.ln1.bias
3,LayerNorm3,LayerNorm3-linear,blocks.3.ln2.weight
3,LayerNorm3,LayerNorm3-bias,blocks.3.ln2.bias
3,RWKV-3,RWKV-3-nonlinear,blocks.3.att.time_decay
3,RWKV-3,RWKV-3-nonlinear,blocks.3.att.time_first
3,RWKV-3,RWKV-3-nonlinear,blocks.3.att.time_mix_k
3,RWKV-3,RWKV-3-nonlinear,blocks.3.att.time_mix_v
3,RWKV-3,RWKV-3-nonlinear,blocks.3.att.time_mix_r
3,RWKV-3,RWKV-3-linear,blocks.3.att.key.weight
3,RWKV-3,RWKV-3-linear,blocks.3.att.value.weight
3,RWKV-3,RWKV-3-linear,blocks.3.att.receptance.weight
3,RWKV-3,RWKV-3-linear,blocks.3.att.output.weight
3,RFFN-3,RFFN-3-nonlinear,blocks.3.ffn.time_mix_k
3,RFFN-3,RFFN-3-nonlinear,blocks.3.ffn.time_mix_r
3,RFFN-3,RFFN-3-linear,blocks.3.ffn.key.weight
3,RFFN-3,RFFN-3-linear,blocks.3.ffn.receptance.weight
3,RFFN-3,RFFN-3-linear,blocks.3.ffn.value.weight
4,LayerNorm4,LayerNorm4-linear,blocks.4.ln1.weight
4,LayerNorm4,LayerNorm4-bias,blocks.4.ln1.bias
4,LayerNorm4,LayerNorm4-linear,blocks.4.ln2.weight
4,LayerNorm4,LayerNorm4-bias,blocks.4.ln2.bias
4,RWKV-4,RWKV-4-nonlinear,blocks.4.att.time_decay
4,RWKV-4,RWKV-4-nonlinear,blocks.4.att.time_first
4,RWKV-4,RWKV-4-nonlinear,blocks.4.att.time_mix_k
4,RWKV-4,RWKV-4-nonlinear,blocks.4.att.time_mix_v
4,RWKV-4,RWKV-4-nonlinear,blocks.4.att.time_mix_r
4,RWKV-4,RWKV-4-linear,blocks.4.att.key.weight
4,RWKV-4,RWKV-4-linear,blocks.4.att.value.weight
4,RWKV-4,RWKV-4-linear,blocks.4.att.receptance.weight
4,RWKV-4,RWKV-4-linear,blocks.4.att.output.weight
4,RFFN-4,RFFN-4-nonlinear,blocks.4.ffn.time_mix_k
4,RFFN-4,RFFN-4-nonlinear,blocks.4.ffn.time_mix_r
4,RFFN-4,RFFN-4-linear,blocks.4.ffn.key.weight
4,RFFN-4,RFFN-4-linear,blocks.4.ffn.receptance.weight
4,RFFN-4,RFFN-4-linear,blocks.4.ffn.value.weight
5,LayerNorm5,LayerNorm5-linear,blocks.5.ln1.weight
5,LayerNorm5,LayerNorm5-bias,blocks.5.ln1.bias
5,LayerNorm5,LayerNorm5-linear,blocks.5.ln2.weight
5,LayerNorm5,LayerNorm5-bias,blocks.5.ln2.bias
5,RWKV-5,RWKV-5-nonlinear,blocks.5.att.time_decay
5,RWKV-5,RWKV-5-nonlinear,blocks.5.att.time_first
5,RWKV-5,RWKV-5-nonlinear,blocks.5.att.time_mix_k
5,RWKV-5,RWKV-5-nonlinear,blocks.5.att.time_mix_v
5,RWKV-5,RWKV-5-nonlinear,blocks.5.att.time_mix_r
5,RWKV-5,RWKV-5-linear,blocks.5.att.key.weight
5,RWKV-5,RWKV-5-linear,blocks.5.att.value.weight
5,RWKV-5,RWKV-5-linear,blocks.5.att.receptance.weight
5,RWKV-5,RWKV-5-linear,blocks.5.att.output.weight
5,RFFN-5,RFFN-5-nonlinear,blocks.5.ffn.time_mix_k
5,RFFN-5,RFFN-5-nonlinear,blocks.5.ffn.time_mix_r
5,RFFN-5,RFFN-5-linear,blocks.5.ffn.key.weight
5,RFFN-5,RFFN-5-linear,blocks.5.ffn.receptance.weight
5,RFFN-5,RFFN-5-linear,blocks.5.ffn.value.weight
6,LayerNorm6,LayerNorm6-linear,blocks.6.ln1.weight
6,LayerNorm6,LayerNorm6-bias,blocks.6.ln1.bias
6,LayerNorm6,LayerNorm6-linear,blocks.6.ln2.weight
6,LayerNorm6,LayerNorm6-bias,blocks.6.ln2.bias
6,RWKV-6,RWKV-6-nonlinear,blocks.6.att.time_decay
6,RWKV-6,RWKV-6-nonlinear,blocks.6.att.time_first
6,RWKV-6,RWKV-6-nonlinear,blocks.6.att.time_mix_k
6,RWKV-6,RWKV-6-nonlinear,blocks.6.att.time_mix_v
6,RWKV-6,RWKV-6-nonlinear,blocks.6.att.time_mix_r
6,RWKV-6,RWKV-6-linear,blocks.6.att.key.weight
6,RWKV-6,RWKV-6-linear,blocks.6.att.value.weight
6,RWKV-6,RWKV-6-linear,blocks.6.att.receptance.weight
6,RWKV-6,RWKV-6-linear,blocks.6.att.output.weight
6,RFFN-6,RFFN-6-nonlinear,blocks.6.ffn.time_mix_k
6,RFFN-6,RFFN-6-nonlinear,blocks.6.ffn.time_mix_r
6,RFFN-6,RFFN-6-linear,blocks.6.ffn.key.weight
6,RFFN-6,RFFN-6-linear,blocks.6.ffn.receptance.weight
6,RFFN-6,RFFN-6-linear,blocks.6.ffn.value.weight
7,LayerNorm7,LayerNorm7-linear,blocks.7.ln1.weight
7,LayerNorm7,LayerNorm7-bias,blocks.7.ln1.bias
7,LayerNorm7,LayerNorm7-linear,blocks.7.ln2.weight
7,LayerNorm7,LayerNorm7-bias,blocks.7.ln2.bias
7,RWKV-7,RWKV-7-nonlinear,blocks.7.att.time_decay
7,RWKV-7,RWKV-7-nonlinear,blocks.7.att.time_first
7,RWKV-7,RWKV-7-nonlinear,blocks.7.att.time_mix_k
7,RWKV-7,RWKV-7-nonlinear,blocks.7.att.time_mix_v
7,RWKV-7,RWKV-7-nonlinear,blocks.7.att.time_mix_r
7,RWKV-7,RWKV-7-linear,blocks.7.att.key.weight
7,RWKV-7,RWKV-7-linear,blocks.7.att.value.weight
7,RWKV-7,RWKV-7-linear,blocks.7.att.receptance.weight
7,RWKV-7,RWKV-7-linear,blocks.7.att.output.weight
7,RFFN-7,RFFN-7-nonlinear,blocks.7.ffn.time_mix_k
7,RFFN-7,RFFN-7-nonlinear,blocks.7.ffn.time_mix_r
7,RFFN-7,RFFN-7-linear,blocks.7.ffn.key.weight
7,RFFN-7,RFFN-7-linear,blocks.7.ffn.receptance.weight
7,RFFN-7,RFFN-7-linear,blocks.7.ffn.value.weight
8,LayerNorm8,LayerNorm8-linear,blocks.8.ln1.weight
8,LayerNorm8,LayerNorm8-bias,blocks.8.ln1.bias
8,LayerNorm8,LayerNorm8-linear,blocks.8.ln2.weight
8,LayerNorm8,LayerNorm8-bias,blocks.8.ln2.bias
8,RWKV-8,RWKV-8-nonlinear,blocks.8.att.time_decay
8,RWKV-8,RWKV-8-nonlinear,blocks.8.att.time_first
8,RWKV-8,RWKV-8-nonlinear,blocks.8.att.time_mix_k
8,RWKV-8,RWKV-8-nonlinear,blocks.8.att.time_mix_v
8,RWKV-8,RWKV-8-nonlinear,blocks.8.att.time_mix_r
8,RWKV-8,RWKV-8-linear,blocks.8.att.key.weight
8,RWKV-8,RWKV-8-linear,blocks.8.att.value.weight
8,RWKV-8,RWKV-8-linear,blocks.8.att.receptance.weight
8,RWKV-8,RWKV-8-linear,blocks.8.att.output.weight
8,RFFN-8,RFFN-8-nonlinear,blocks.8.ffn.time_mix_k
8,RFFN-8,RFFN-8-nonlinear,blocks.8.ffn.time_mix_r
8,RFFN-8,RFFN-8-linear,blocks.8.ffn.key.weight
8,RFFN-8,RFFN-8-linear,blocks.8.ffn.receptance.weight
8,RFFN-8,RFFN-8-linear,blocks.8.ffn.value.weight
9,LayerNorm9,LayerNorm9-linear,blocks.9.ln1.weight
9,LayerNorm9,LayerNorm9-bias,blocks.9.ln1.bias
9,LayerNorm9,LayerNorm9-linear,blocks.9.ln2.weight
9,LayerNorm9,LayerNorm9-bias,blocks.9.ln2.bias
9,RWKV-9,RWKV-9-nonlinear,blocks.9.att.time_decay
9,RWKV-9,RWKV-9-nonlinear,blocks.9.att.time_first
9,RWKV-9,RWKV-9-nonlinear,blocks.9.att.time_mix_k
9,RWKV-9,RWKV-9-nonlinear,blocks.9.att.time_mix_v
9,RWKV-9,RWKV-9-nonlinear,blocks.9.att.time_mix_r
9,RWKV-9,RWKV-9-linear,blocks.9.att.key.weight
9,RWKV-9,RWKV-9-linear,blocks.9.att.value.weight
9,RWKV-9,RWKV-9-linear,blocks.9.att.receptance.weight
9,RWKV-9,RWKV-9-linear,blocks.9.att.output.weight
9,RFFN-9,RFFN-9-nonlinear,blocks.9.ffn.time_mix_k
9,RFFN-9,RFFN-9-nonlinear,blocks.9.ffn.time_mix_r
9,RFFN-9,RFFN-9-linear,blocks.9.ffn.key.weight
9,RFFN-9,RFFN-9-linear,blocks.9.ffn.receptance.weight
9,RFFN-9,RFFN-9-linear,blocks.9.ffn.value.weight
10,LayerNorm10,LayerNorm10-linear,blocks.10.ln1.weight
10,LayerNorm10,LayerNorm10-bias,blocks.10.ln1.bias
10,LayerNorm10,LayerNorm10-linear,blocks.10.ln2.weight
10,LayerNorm10,LayerNorm10-bias,blocks.10.ln2.bias
10,RWKV-10,RWKV-10-nonlinear,blocks.10.att.time_decay
10,RWKV-10,RWKV-10-nonlinear,blocks.10.att.time_first
10,RWKV-10,RWKV-10-nonlinear,blocks.10.att.time_mix_k
10,RWKV-10,RWKV-10-nonlinear,blocks.10.att.time_mix_v
10,RWKV-10,RWKV-10-nonlinear,blocks.10.att.time_mix_r
10,RWKV-10,RWKV-10-linear,blocks.10.att.key.weight
10,RWKV-10,RWKV-10-linear,blocks.10.att.value.weight
10,RWKV-10,RWKV-10-linear,blocks.10.att.receptance.weight
10,RWKV-10,RWKV-10-linear,blocks.10.att.output.weight
10,RFFN-10,RFFN-10-nonlinear,blocks.10.ffn.time_mix_k
10,RFFN-10,RFFN-10-nonlinear,blocks.10.ffn.time_mix_r
10,RFFN-10,RFFN-10-linear,blocks.10.ffn.key.weight
10,RFFN-10,RFFN-10-linear,blocks.10.ffn.receptance.weight
10,RFFN-10,RFFN-10-linear,blocks.10.ffn.value.weight
11,LayerNorm11,LayerNorm11-linear,blocks.11.ln1.weight
11,LayerNorm11,LayerNorm11-bias,blocks.11.ln1.bias
11,LayerNorm11,LayerNorm11-linear,blocks.11.ln2.weight
11,LayerNorm11,LayerNorm11-bias,blocks.11.ln2.bias
11,RWKV-11,RWKV-11-nonlinear,blocks.11.att.time_decay
11,RWKV-11,RWKV-11-nonlinear,blocks.11.att.time_first
11,RWKV-11,RWKV-11-nonlinear,blocks.11.att.time_mix_k
11,RWKV-11,RWKV-11-nonlinear,blocks.11.att.time_mix_v
11,RWKV-11,RWKV-11-nonlinear,blocks.11.att.time_mix_r
11,RWKV-11,RWKV-11-linear,blocks.11.att.key.weight
11,RWKV-11,RWKV-11-linear,blocks.11.att.value.weight
11,RWKV-11,RWKV-11-linear,blocks.11.att.receptance.weight
11,RWKV-11,RWKV-11-linear,blocks.11.att.output.weight
11,RFFN-11,RFFN-11-nonlinear,blocks.11.ffn.time_mix_k
11,RFFN-11,RFFN-11-nonlinear,blocks.11.ffn.time_mix_r
11,RFFN-11,RFFN-11-linear,blocks.11.ffn.key.weight
11,RFFN-11,RFFN-11-linear,blocks.11.ffn.receptance.weight
11,RFFN-11,RFFN-11-linear,blocks.11.ffn.value.weight
12,LayerNorm12,LayerNorm12-linear,blocks.12.ln1.weight
12,LayerNorm12,LayerNorm12-bias,blocks.12.ln1.bias
12,LayerNorm12,LayerNorm12-linear,blocks.12.ln2.weight
12,LayerNorm12,LayerNorm12-bias,blocks.12.ln2.bias
12,RWKV-12,RWKV-12-nonlinear,blocks.12.att.time_decay
12,RWKV-12,RWKV-12-nonlinear,blocks.12.att.time_first
12,RWKV-12,RWKV-12-nonlinear,blocks.12.att.time_mix_k
12,RWKV-12,RWKV-12-nonlinear,blocks.12.att.time_mix_v
12,RWKV-12,RWKV-12-nonlinear,blocks.12.att.time_mix_r
12,RWKV-12,RWKV-12-linear,blocks.12.att.key.weight
12,RWKV-12,RWKV-12-linear,blocks.12.att.value.weight
12,RWKV-12,RWKV-12-linear,blocks.12.att.receptance.weight
12,RWKV-12,RWKV-12-linear,blocks.12.att.output.weight
12,RFFN-12,RFFN-12-nonlinear,blocks.12.ffn.time_mix_k
12,RFFN-12,RFFN-12-nonlinear,blocks.12.ffn.time_mix_r
12,RFFN-12,RFFN-12-linear,blocks.12.ffn.key.weight
12,RFFN-12,RFFN-12-linear,blocks.12.ffn.receptance.weight
12,RFFN-12,RFFN-12-linear,blocks.12.ffn.value.weight
13,LayerNorm13,LayerNorm13-linear,blocks.13.ln1.weight
13,LayerNorm13,LayerNorm13-bias,blocks.13.ln1.bias
13,LayerNorm13,LayerNorm13-linear,blocks.13.ln2.weight
13,LayerNorm13,LayerNorm13-bias,blocks.13.ln2.bias
13,RWKV-13,RWKV-13-nonlinear,blocks.13.att.time_decay
13,RWKV-13,RWKV-13-nonlinear,blocks.13.att.time_first
13,RWKV-13,RWKV-13-nonlinear,blocks.13.att.time_mix_k
13,RWKV-13,RWKV-13-nonlinear,blocks.13.att.time_mix_v
13,RWKV-13,RWKV-13-nonlinear,blocks.13.att.time_mix_r
13,RWKV-13,RWKV-13-linear,blocks.13.att.key.weight
13,RWKV-13,RWKV-13-linear,blocks.13.att.value.weight
13,RWKV-13,RWKV-13-linear,blocks.13.att.receptance.weight
13,RWKV-13,RWKV-13-linear,blocks.13.att.output.weight
13,RFFN-13,RFFN-13-nonlinear,blocks.13.ffn.time_mix_k
13,RFFN-13,RFFN-13-nonlinear,blocks.13.ffn.time_mix_r
13,RFFN-13,RFFN-13-linear,blocks.13.ffn.key.weight
13,RFFN-13,RFFN-13-linear,blocks.13.ffn.receptance.weight
13,RFFN-13,RFFN-13-linear,blocks.13.ffn.value.weight
14,LayerNorm14,LayerNorm14-linear,blocks.14.ln1.weight
14,LayerNorm14,LayerNorm14-bias,blocks.14.ln1.bias
14,LayerNorm14,LayerNorm14-linear,blocks.14.ln2.weight
14,LayerNorm14,LayerNorm14-bias,blocks.14.ln2.bias
14,RWKV-14,RWKV-14-nonlinear,blocks.14.att.time_decay
14,RWKV-14,RWKV-14-nonlinear,blocks.14.att.time_first
14,RWKV-14,RWKV-14-nonlinear,blocks.14.att.time_mix_k
14,RWKV-14,RWKV-14-nonlinear,blocks.14.att.time_mix_v
14,RWKV-14,RWKV-14-nonlinear,blocks.14.att.time_mix_r
14,RWKV-14,RWKV-14-linear,blocks.14.att.key.weight
14,RWKV-14,RWKV-14-linear,blocks.14.att.value.weight
14,RWKV-14,RWKV-14-linear,blocks.14.att.receptance.weight
14,RWKV-14,RWKV-14-linear,blocks.14.att.output.weight
14,RFFN-14,RFFN-14-nonlinear,blocks.14.ffn.time_mix_k
14,RFFN-14,RFFN-14-nonlinear,blocks.14.ffn.time_mix_r
14,RFFN-14,RFFN-14-linear,blocks.14.ffn.key.weight
14,RFFN-14,RFFN-14-linear,blocks.14.ffn.receptance.weight
14,RFFN-14,RFFN-14-linear,blocks.14.ffn.value.weight
15,LayerNorm15,LayerNorm15-linear,blocks.15.ln1.weight
15,LayerNorm15,LayerNorm15-bias,blocks.15.ln1.bias
15,LayerNorm15,LayerNorm15-linear,blocks.15.ln2.weight
15,LayerNorm15,LayerNorm15-bias,blocks.15.ln2.bias
15,RWKV-15,RWKV-15-nonlinear,blocks.15.att.time_decay
15,RWKV-15,RWKV-15-nonlinear,blocks.15.att.time_first
15,RWKV-15,RWKV-15-nonlinear,blocks.15.att.time_mix_k
15,RWKV-15,RWKV-15-nonlinear,blocks.15.att.time_mix_v
15,RWKV-15,RWKV-15-nonlinear,blocks.15.att.time_mix_r
15,RWKV-15,RWKV-15-linear,blocks.15.att.key.weight
15,RWKV-15,RWKV-15-linear,blocks.15.att.value.weight
15,RWKV-15,RWKV-15-linear,blocks.15.att.receptance.weight
15,RWKV-15,RWKV-15-linear,blocks.15.att.output.weight
15,RFFN-15,RFFN-15-nonlinear,blocks.15.ffn.time_mix_k
15,RFFN-15,RFFN-15-nonlinear,blocks.15.ffn.time_mix_r
15,RFFN-15,RFFN-15-linear,blocks.15.ffn.key.weight
15,RFFN-15,RFFN-15-linear,blocks.15.ffn.receptance.weight
15,RFFN-15,RFFN-15-linear,blocks.15.ffn.value.weight
16,LayerNorm16,LayerNorm16-linear,blocks.16.ln1.weight
16,LayerNorm16,LayerNorm16-bias,blocks.16.ln1.bias
16,LayerNorm16,LayerNorm16-linear,blocks.16.ln2.weight
16,LayerNorm16,LayerNorm16-bias,blocks.16.ln2.bias
16,RWKV-16,RWKV-16-nonlinear,blocks.16.att.time_decay
16,RWKV-16,RWKV-16-nonlinear,blocks.16.att.time_first
16,RWKV-16,RWKV-16-nonlinear,blocks.16.att.time_mix_k
16,RWKV-16,RWKV-16-nonlinear,blocks.16.att.time_mix_v
16,RWKV-16,RWKV-16-nonlinear,blocks.16.att.time_mix_r
16,RWKV-16,RWKV-16-linear,blocks.16.att.key.weight
16,RWKV-16,RWKV-16-linear,blocks.16.att.value.weight
16,RWKV-16,RWKV-16-linear,blocks.16.att.receptance.weight
16,RWKV-16,RWKV-16-linear,blocks.16.att.output.weight
16,RFFN-16,RFFN-16-nonlinear,blocks.16.ffn.time_mix_k
16,RFFN-16,RFFN-16-nonlinear,blocks.16.ffn.time_mix_r
16,RFFN-16,RFFN-16-linear,blocks.16.ffn.key.weight
16,RFFN-16,RFFN-16-linear,blocks.16.ffn.receptance.weight
16,RFFN-16,RFFN-16-linear,blocks.16.ffn.value.weight
17,LayerNorm17,LayerNorm17-linear,blocks.17.ln1.weight
17,LayerNorm17,LayerNorm17-bias,blocks.17.ln1.bias
17,LayerNorm17,LayerNorm17-linear,blocks.17.ln2.weight
17,LayerNorm17,LayerNorm17-bias,blocks.17.ln2.bias
17,RWKV-17,RWKV-17-nonlinear,blocks.17.att.time_decay
17,RWKV-17,RWKV-17-nonlinear,blocks.17.att.time_first
17,RWKV-17,RWKV-17-nonlinear,blocks.17.att.time_mix_k
17,RWKV-17,RWKV-17-nonlinear,blocks.17.att.time_mix_v
17,RWKV-17,RWKV-17-nonlinear,blocks.17.att.time_mix_r
17,RWKV-17,RWKV-17-linear,blocks.17.att.key.weight
17,RWKV-17,RWKV-17-linear,blocks.17.att.value.weight
17,RWKV-17,RWKV-17-linear,blocks.17.att.receptance.weight
17,RWKV-17,RWKV-17-linear,blocks.17.att.output.weight
17,RFFN-17,RFFN-17-nonlinear,blocks.17.ffn.time_mix_k
17,RFFN-17,RFFN-17-nonlinear,blocks.17.ffn.time_mix_r
17,RFFN-17,RFFN-17-linear,blocks.17.ffn.key.weight
17,RFFN-17,RFFN-17-linear,blocks.17.ffn.receptance.weight
17,RFFN-17,RFFN-17-linear,blocks.17.ffn.value.weight
output,ExtLayerNorm1,ExtLayerNorm1-linear,ln_out.weight
output,ExtLayerNorm1,ExtLayerNorm1-bias,ln_out.bias
output,Head,Head-linear,head.weight
output,Classifier,Classifier-linear,classifier.weight
